,release_date,region,epiweek,lag,num_patients,num_providers,wili,ili,modelweek,season
0,2017-10-24,nat,201040,365,746485,1838,1.1093899999999999,1.13505,2126,2010/2011
1,2017-10-24,nat,201041,364,746230,1875,1.2434100000000001,1.2525600000000001,2127,2010/2011
2,2017-10-24,nat,201042,363,777397,1907,1.25726,1.2457,2128,2010/2011
3,2017-10-24,nat,201043,362,781234,1929,1.25734,1.2677399999999999,2129,2010/2011
4,2017-10-24,nat,201044,361,766753,1947,1.43414,1.43723,2130,2010/2011
5,2017-10-24,nat,201045,360,769982,1940,1.5183799999999998,1.53341,2131,2010/2011
6,2017-10-24,nat,201046,359,787038,1921,1.61617,1.69445,2132,2010/2011
7,2017-10-24,nat,201047,358,606527,1938,1.84378,1.9915,2133,2010/2011
8,2017-10-24,nat,201048,357,772016,1964,1.72535,1.81305,2134,2010/2011
9,2017-10-24,nat,201049,356,742606,1936,1.87923,2.0142599999999997,2135,2010/2011
10,2017-10-24,nat,201050,355,704923,1916,2.3371,2.5565900000000004,2136,2010/2011
11,2017-10-24,nat,201051,354,588406,1840,3.03533,3.38185,2137,2010/2011
12,2017-10-24,nat,201052,353,592880,1887,3.136,3.43172,2138,2010/2011
13,2017-10-24,nat,201101,352,744043,1923,2.53336,2.69151,2139,2010/2011
14,2017-10-24,nat,201102,351,711908,1921,2.91288,2.91063,2140,2010/2011
15,2017-10-24,nat,201103,350,751850,1964,3.4449699999999996,3.49232,2141,2010/2011
16,2017-10-24,nat,201104,349,798637,1947,4.16185,4.0037,2142,2010/2011
17,2017-10-24,nat,201105,348,772974,1970,4.55159,4.43534,2143,2010/2011
18,2017-10-24,nat,201106,347,812230,1961,4.46504,4.24215,2144,2010/2011
19,2017-10-24,nat,201107,346,831600,1910,4.55124,4.39719,2145,2010/2011
20,2017-10-24,nat,201108,345,801449,1908,4.0822,3.90256,2146,2010/2011
21,2017-10-24,nat,201109,344,781629,1860,3.38812,3.15073,2147,2010/2011
22,2017-10-24,nat,201110,343,747993,1829,2.99142,2.72422,2148,2010/2011
23,2017-10-24,nat,201111,342,741807,1823,2.61542,2.33336,2149,2010/2011
24,2017-10-24,nat,201112,341,728883,1790,2.09065,1.925,2150,2010/2011
25,2017-10-24,nat,201113,340,739375,1770,1.86146,1.75243,2151,2010/2011
26,2017-10-24,nat,201114,339,729089,1723,1.6137700000000001,1.57704,2152,2010/2011
27,2017-10-24,nat,201115,338,691707,1681,1.4219899999999999,1.35766,2153,2010/2011
28,2017-10-24,nat,201116,337,662612,1651,1.3382,1.31223,2154,2010/2011
29,2017-10-24,nat,201117,336,681240,1612,1.19995,1.14937,2155,2010/2011
30,2017-10-24,nat,201118,335,655627,1585,1.14889,1.1145100000000001,2156,2010/2011
31,2017-10-24,nat,201119,334,651983,1556,1.12194,1.10984,2157,2010/2011
32,2017-10-24,nat,201120,333,620485,1516,1.06712,1.0524,2158,2010/2011
33,2017-10-24,nat,201121,332,586460,1381,1.0505799999999998,1.03536,2159,2010/2011
34,2017-10-24,nat,201122,331,531954,1357,1.1520299999999999,1.1177700000000002,2160,2010/2011
35,2017-10-24,nat,201123,330,564322,1296,0.970975,0.982949,2161,2010/2011
36,2017-10-24,nat,201124,329,539238,1279,0.894683,0.9251940000000001,2162,2010/2011
37,2017-10-24,nat,201125,328,532356,1251,0.843568,0.8355309999999999,2163,2010/2011
38,2017-10-24,nat,201126,327,506732,1225,0.815409,0.832393,2164,2010/2011
39,2017-10-24,nat,201127,326,468565,1211,0.823052,0.855591,2165,2010/2011
40,2017-10-24,nat,201128,325,526346,1220,0.674635,0.7069489999999999,2166,2010/2011
41,2017-10-24,nat,201129,324,518011,1203,0.631883,0.694387,2167,2010/2011
42,2017-10-24,nat,201130,323,514262,1179,0.641513,0.687976,2168,2010/2011
43,2017-10-24,nat,201131,322,496632,1175,0.529813,0.6447430000000001,2169,2010/2011
44,2017-10-24,nat,201132,321,521671,1175,0.644089,0.67533,2170,2010/2011
45,2017-10-24,nat,201133,320,531975,1191,0.667718,0.72823,2171,2010/2011
46,2017-10-24,nat,201134,319,551005,1195,0.7056680000000001,0.8065260000000001,2172,2010/2011
47,2017-10-24,nat,201135,318,548228,1200,0.8041550000000001,0.860408,2173,2010/2011
48,2017-10-24,nat,201136,317,514168,1184,0.907804,0.936075,2174,2010/2011
49,2017-10-24,nat,201137,316,575887,1196,1.00555,0.966683,2175,2010/2011
50,2017-10-24,nat,201138,315,584534,1201,1.03601,0.996007,2176,2010/2011
51,2017-10-24,nat,201139,314,605162,1213,1.0758299999999998,1.10846,2177,2010/2011
52,2017-10-24,nat,201140,313,778182,1850,1.1609200000000002,1.20345,2178,2011/2012
53,2017-10-24,nat,201141,312,791987,1883,1.19785,1.23777,2179,2011/2012
54,2017-10-24,nat,201142,311,794995,1905,1.27926,1.2525899999999999,2180,2011/2012
55,2017-10-24,nat,201143,310,788840,1900,1.2919399999999999,1.30546,2181,2011/2012
56,2017-10-24,nat,201144,309,784334,1925,1.42824,1.45295,2182,2011/2012
57,2017-10-24,nat,201145,308,797839,1946,1.3980299999999999,1.44089,2183,2011/2012
58,2017-10-24,nat,201146,307,801594,1900,1.45831,1.46221,2184,2011/2012
59,2017-10-24,nat,201147,306,626731,1918,1.56548,1.65573,2185,2011/2012
60,2017-10-24,nat,201148,305,782984,1904,1.34313,1.4660600000000001,2186,2011/2012
61,2017-10-24,nat,201149,304,736905,1898,1.48139,1.51811,2187,2011/2012
62,2017-10-24,nat,201150,303,729258,1872,1.63398,1.66429,2188,2011/2012
63,2017-10-24,nat,201151,302,645424,1851,1.8312599999999999,1.85274,2189,2011/2012
64,2017-10-24,nat,201152,301,581697,1821,2.10451,2.12413,2190,2011/2012
65,2017-10-24,nat,201201,300,678631,1891,1.73625,1.76709,2191,2011/2012
66,2017-10-24,nat,201202,299,747894,1883,1.55066,1.5434,2192,2011/2012
67,2017-10-24,nat,201203,298,724623,1887,1.62891,1.64762,2193,2011/2012
68,2017-10-24,nat,201204,297,784244,1891,1.7603799999999998,1.6843,2194,2011/2012
69,2017-10-24,nat,201205,296,775298,1885,1.9272799999999999,1.8635400000000002,2195,2011/2012
70,2017-10-24,nat,201206,295,784516,1875,1.9199400000000002,1.86408,2196,2011/2012
71,2017-10-24,nat,201207,294,789193,1884,2.09951,2.01839,2197,2011/2012
72,2017-10-24,nat,201208,293,767022,1853,2.2397299999999998,2.10385,2198,2011/2012
73,2017-10-24,nat,201209,292,788242,1826,2.21921,2.09555,2199,2011/2012
74,2017-10-24,nat,201210,291,749198,1816,2.16693,2.10398,2200,2011/2012
75,2017-10-24,nat,201211,290,747570,1819,2.3891299999999998,2.2941,2201,2011/2012
76,2017-10-24,nat,201212,289,755579,1780,1.9646599999999999,1.9222299999999999,2202,2011/2012
77,2017-10-24,nat,201213,288,747079,1753,1.8422900000000002,1.74239,2203,2011/2012
78,2017-10-24,nat,201214,287,711808,1729,1.6867400000000001,1.6760099999999998,2204,2011/2012
79,2017-10-24,nat,201215,286,717202,1707,1.53136,1.49637,2205,2011/2012
80,2017-10-24,nat,201216,285,732480,1699,1.3791200000000001,1.38202,2206,2011/2012
81,2017-10-24,nat,201217,284,726772,1675,1.29515,1.28926,2207,2011/2012
82,2017-10-24,nat,201218,283,662649,1564,1.39521,1.3580299999999998,2208,2011/2012
83,2017-10-24,nat,201219,282,655492,1546,1.32522,1.30833,2209,2011/2012
84,2017-10-24,nat,201220,281,636347,1503,1.23059,1.26692,2210,2011/2012
85,2017-10-24,nat,201221,280,616765,1415,1.2302799999999998,1.27731,2211,2011/2012
86,2017-10-24,nat,201222,279,550614,1409,1.2687700000000002,1.2991,2212,2011/2012
87,2017-10-24,nat,201223,278,581700,1365,1.10782,1.16297,2213,2011/2012
88,2017-10-24,nat,201224,277,564670,1289,1.09559,1.08612,2214,2011/2012
89,2017-10-24,nat,201225,276,572296,1295,1.1103100000000001,1.0568,2215,2011/2012
90,2017-10-24,nat,201226,275,536380,1260,1.10616,1.07871,2216,2011/2012
91,2017-10-24,nat,201227,274,505533,1271,1.10816,1.04662,2217,2011/2012
92,2017-10-24,nat,201228,273,558637,1240,0.999444,0.9281520000000001,2218,2011/2012
93,2017-10-24,nat,201229,272,546713,1223,0.924199,0.9019360000000001,2219,2011/2012
94,2017-10-24,nat,201230,271,557488,1250,0.949257,0.915356,2220,2011/2012
95,2017-10-24,nat,201231,270,541600,1240,0.9789030000000001,0.952548,2221,2011/2012
96,2017-10-24,nat,201232,269,548294,1248,0.925024,0.9166610000000001,2222,2011/2012
97,2017-10-24,nat,201233,268,560110,1238,0.848456,0.9017870000000001,2223,2011/2012
98,2017-10-24,nat,201234,267,594395,1238,1.04451,1.03315,2224,2011/2012
99,2017-10-24,nat,201235,266,600354,1238,1.0986,1.0523799999999999,2225,2011/2012
100,2017-10-24,nat,201236,265,558585,1242,1.22071,1.12713,2226,2011/2012
101,2017-10-24,nat,201237,264,622114,1252,1.24976,1.1866,2227,2011/2012
102,2017-10-24,nat,201238,263,630563,1268,1.22892,1.21415,2228,2011/2012
103,2017-10-24,nat,201239,262,623572,1248,1.29393,1.2519799999999999,2229,2011/2012
104,2017-10-24,nat,201240,261,779285,1932,1.23034,1.20559,2230,2012/2013
105,2017-10-24,nat,201241,260,769959,1940,1.3278,1.31929,2231,2012/2013
106,2017-10-24,nat,201242,259,797444,1968,1.33995,1.3273700000000002,2232,2012/2013
107,2017-10-24,nat,201243,258,798388,1958,1.37842,1.3668799999999999,2233,2012/2013
108,2017-10-24,nat,201244,257,734781,1929,1.50085,1.50535,2234,2012/2013
109,2017-10-24,nat,201245,256,785871,1974,1.65163,1.61273,2235,2012/2013
110,2017-10-24,nat,201246,255,777534,1966,1.7674599999999998,1.7520799999999999,2236,2012/2013
111,2017-10-24,nat,201247,254,627772,1968,2.30609,2.33365,2237,2012/2013
112,2017-10-24,nat,201248,253,831730,2006,2.16324,2.2268,2238,2012/2013
113,2017-10-24,nat,201249,252,835762,2006,2.83038,2.97657,2239,2012/2013
114,2017-10-24,nat,201250,251,811800,1977,3.43761,3.62552,2240,2012/2013
115,2017-10-24,nat,201251,250,754019,1908,4.305540000000001,4.5532,2241,2012/2013
116,2017-10-24,nat,201252,249,607171,1905,6.06082,6.025980000000001,2242,2012/2013
117,2017-10-24,nat,201301,248,687051,1982,4.64931,4.96368,2243,2012/2013
118,2017-10-24,nat,201302,247,850531,1995,4.32584,4.69072,2244,2012/2013
119,2017-10-24,nat,201303,246,838326,2008,4.5111300000000005,4.7047300000000005,2245,2012/2013
120,2017-10-24,nat,201304,245,778610,1978,4.2171,4.1646,2246,2012/2013
121,2017-10-24,nat,201305,244,806640,1963,3.78956,3.6953300000000002,2247,2012/2013
122,2017-10-24,nat,201306,243,772086,1931,3.2920599999999998,3.2363,2248,2012/2013
123,2017-10-24,nat,201307,242,771229,1926,3.0197,2.8942099999999997,2249,2012/2013
124,2017-10-24,nat,201308,241,755092,1940,2.7149900000000002,2.71742,2250,2012/2013
125,2017-10-24,nat,201309,240,762238,1893,2.4845,2.52297,2251,2012/2013
126,2017-10-24,nat,201310,239,737736,1884,2.57808,2.55227,2252,2012/2013
127,2017-10-24,nat,201311,238,715059,1846,2.39237,2.43225,2253,2012/2013
128,2017-10-24,nat,201312,237,723449,1825,2.06778,2.10851,2254,2012/2013
129,2017-10-24,nat,201313,236,704276,1811,1.90281,1.94725,2255,2012/2013
130,2017-10-24,nat,201314,235,701881,1769,1.6590200000000002,1.74859,2256,2012/2013
131,2017-10-24,nat,201315,234,722583,1742,1.43006,1.4971299999999998,2257,2012/2013
132,2017-10-24,nat,201316,233,694415,1732,1.27757,1.32313,2258,2012/2013
133,2017-10-24,nat,201317,232,700300,1711,1.1900899999999999,1.2264700000000002,2259,2012/2013
134,2017-10-24,nat,201318,231,667648,1675,1.09556,1.19614,2260,2012/2013
135,2017-10-24,nat,201319,230,647130,1630,1.08589,1.19049,2261,2012/2013
136,2017-10-24,nat,201320,229,623114,1582,1.0734299999999999,1.17426,2262,2012/2013
137,2017-10-24,nat,201321,228,581338,1489,1.0167700000000002,1.13342,2263,2012/2013
138,2017-10-24,nat,201322,227,541528,1486,1.04847,1.14306,2264,2012/2013
139,2017-10-24,nat,201323,226,558875,1421,0.920349,1.00881,2265,2012/2013
140,2017-10-24,nat,201324,225,541138,1419,0.9207790000000001,1.02358,2266,2012/2013
141,2017-10-24,nat,201325,224,546643,1405,0.9043329999999999,1.00138,2267,2012/2013
142,2017-10-24,nat,201326,223,540408,1389,0.83057,0.9094979999999999,2268,2012/2013
143,2017-10-24,nat,201327,222,474295,1357,0.8628370000000001,0.950042,2269,2012/2013
144,2017-10-24,nat,201328,221,543833,1362,0.732182,0.829299,2270,2012/2013
145,2017-10-24,nat,201329,220,521874,1341,0.724558,0.802109,2271,2012/2013
146,2017-10-24,nat,201330,219,524969,1325,0.740848,0.806333,2272,2012/2013
147,2017-10-24,nat,201331,218,487617,1290,0.726037,0.796937,2273,2012/2013
148,2017-10-24,nat,201332,217,523015,1299,0.7556390000000001,0.7791359999999999,2274,2012/2013
149,2017-10-24,nat,201333,216,522533,1276,0.761847,0.797653,2275,2012/2013
150,2017-10-24,nat,201334,215,522965,1265,0.779896,0.825485,2276,2012/2013
151,2017-10-24,nat,201335,214,540157,1260,0.8991379999999999,0.9354690000000001,2277,2012/2013
152,2017-10-24,nat,201336,213,539175,1317,0.999524,1.04345,2278,2012/2013
153,2017-10-24,nat,201337,212,584196,1307,1.0558,1.09107,2279,2012/2013
154,2017-10-24,nat,201338,211,591969,1290,1.0967,1.20108,2280,2012/2013
155,2017-10-24,nat,201339,210,631088,1364,1.24709,1.26179,2281,2012/2013
156,2017-10-24,nat,201340,209,854487,1960,1.15746,1.13249,2282,2013/2014
157,2017-10-24,nat,201341,208,860298,1990,1.2718399999999999,1.2112100000000001,2283,2013/2014
158,2017-10-24,nat,201342,207,848016,2018,1.31623,1.25682,2284,2013/2014
159,2017-10-24,nat,201343,206,877917,2027,1.3744399999999999,1.37097,2285,2013/2014
160,2017-10-24,nat,201344,205,874537,2028,1.46781,1.42956,2286,2013/2014
161,2017-10-24,nat,201345,204,878845,2017,1.5834,1.53588,2287,2013/2014
162,2017-10-24,nat,201346,203,868987,2054,1.60253,1.60267,2288,2013/2014
163,2017-10-24,nat,201347,202,875411,2012,1.72344,1.7326700000000002,2289,2013/2014
164,2017-10-24,nat,201348,201,665926,2042,2.11076,2.09858,2290,2013/2014
165,2017-10-24,nat,201349,200,854664,2055,2.1708,2.21374,2291,2013/2014
166,2017-10-24,nat,201350,199,802651,2054,2.36971,2.4167400000000003,2292,2013/2014
167,2017-10-24,nat,201351,198,814891,2009,3.15997,3.03071,2293,2013/2014
168,2017-10-24,nat,201352,197,615148,2007,4.59053,4.38724,2294,2013/2014
169,2017-10-24,nat,201401,196,680424,2033,4.28195,4.2112,2295,2013/2014
170,2017-10-24,nat,201402,195,812343,2059,3.5628800000000003,3.4649199999999998,2296,2013/2014
171,2017-10-24,nat,201403,194,855297,2049,3.36378,3.3169800000000005,2297,2013/2014
172,2017-10-24,nat,201404,193,786928,2062,3.39659,3.2407,2298,2013/2014
173,2017-10-24,nat,201405,192,813726,2051,3.11922,2.88598,2299,2013/2014
174,2017-10-24,nat,201406,191,804244,2051,2.8357200000000002,2.6217200000000003,2300,2013/2014
175,2017-10-24,nat,201407,190,777340,2018,2.48484,2.3406700000000003,2301,2013/2014
176,2017-10-24,nat,201408,189,812700,2025,2.2741,2.12059,2302,2013/2014
177,2017-10-24,nat,201409,188,832786,1978,2.0724400000000003,1.91094,2303,2013/2014
178,2017-10-24,nat,201410,187,790831,1944,1.98207,1.9023,2304,2013/2014
179,2017-10-24,nat,201411,186,794024,1904,1.8244099999999999,1.7661900000000001,2305,2013/2014
180,2017-10-24,nat,201412,185,803374,1922,1.8203599999999998,1.85791,2306,2013/2014
181,2017-10-24,nat,201413,184,805133,1887,1.7539099999999999,1.8209400000000002,2307,2013/2014
182,2017-10-24,nat,201414,183,797863,1866,1.74542,1.83453,2308,2013/2014
183,2017-10-24,nat,201415,182,809707,1845,1.6723599999999998,1.75446,2309,2013/2014
184,2017-10-24,nat,201416,181,773101,1810,1.5165899999999999,1.51636,2310,2013/2014
185,2017-10-24,nat,201417,180,770592,1771,1.4477799999999998,1.40334,2311,2013/2014
186,2017-10-24,nat,201418,179,766139,1746,1.2902799999999999,1.2593,2312,2013/2014
187,2017-10-24,nat,201419,178,737834,1714,1.37388,1.32482,2313,2013/2014
188,2017-10-24,nat,201420,177,708049,1660,1.34208,1.27576,2314,2013/2014
189,2017-10-24,nat,201421,176,679395,1570,1.3456299999999999,1.29483,2315,2013/2014
190,2017-10-24,nat,201422,175,624582,1554,1.21291,1.2261,2316,2013/2014
191,2017-10-24,nat,201423,174,631143,1461,1.1929100000000001,1.1453799999999998,2317,2013/2014
192,2017-10-24,nat,201424,173,635233,1461,1.1414600000000001,1.0678,2318,2013/2014
193,2017-10-24,nat,201425,172,593740,1392,1.06503,1.07269,2319,2013/2014
194,2017-10-24,nat,201426,171,596063,1411,1.12669,1.01298,2320,2013/2014
195,2017-10-24,nat,201427,170,538049,1388,0.9473530000000001,0.994705,2321,2013/2014
196,2017-10-24,nat,201428,169,601116,1394,0.9441870000000001,0.880862,2322,2013/2014
197,2017-10-24,nat,201429,168,592305,1376,0.9348219999999999,0.858173,2323,2013/2014
198,2017-10-24,nat,201430,167,591814,1372,0.8173600000000001,0.8051520000000001,2324,2013/2014
199,2017-10-24,nat,201431,166,603580,1378,0.852792,0.8187810000000001,2325,2013/2014
200,2017-10-24,nat,201432,165,605307,1382,0.7469939999999999,0.7837350000000001,2326,2013/2014
201,2017-10-24,nat,201433,164,586778,1369,0.7610979999999999,0.8487030000000001,2327,2013/2014
202,2017-10-24,nat,201434,163,635980,1371,0.7676270000000001,0.8341459999999999,2328,2013/2014
203,2017-10-24,nat,201435,162,640080,1353,0.862176,0.9059809999999999,2329,2013/2014
204,2017-10-24,nat,201436,161,578913,1352,0.984907,1.04506,2330,2013/2014
205,2017-10-24,nat,201437,160,695966,1401,1.16287,1.16816,2331,2013/2014
206,2017-10-24,nat,201438,159,696282,1405,1.2273100000000001,1.27649,2332,2013/2014
207,2017-10-24,nat,201439,158,683887,1407,1.2071,1.29758,2333,2013/2014
208,2017-10-24,nat,201440,157,841540,1937,1.16191,1.20612,2334,2014/2015
209,2017-10-24,nat,201441,156,828544,1960,1.30905,1.32485,2335,2014/2015
210,2017-10-24,nat,201442,155,845727,2000,1.3707200000000002,1.41192,2336,2014/2015
211,2017-10-24,nat,201443,154,862314,2008,1.43373,1.42547,2337,2014/2015
212,2017-10-24,nat,201444,153,855608,2053,1.42791,1.43909,2338,2014/2015
213,2017-10-24,nat,201445,152,857601,2058,1.61605,1.61532,2339,2014/2015
214,2017-10-24,nat,201446,151,844700,1997,1.65976,1.6647299999999998,2340,2014/2015
215,2017-10-24,nat,201447,150,831289,2058,2.05459,2.0058,2341,2014/2015
216,2017-10-24,nat,201448,149,671251,2067,2.5354099999999997,2.62227,2342,2014/2015
217,2017-10-24,nat,201449,148,878430,2097,2.5425299999999997,2.6074900000000003,2343,2014/2015
218,2017-10-24,nat,201450,147,853532,2069,3.60563,3.4178,2344,2014/2015
219,2017-10-24,nat,201451,146,837119,2016,4.9097599999999995,4.46555,2345,2014/2015
220,2017-10-24,nat,201452,145,662849,1984,5.98221,6.11497,2346,2014/2015
221,2017-10-24,nat,201453,144,694773,1983,5.47421,5.3097900000000005,2347,2014/2015
222,2017-10-24,nat,201501,143,771835,1958,4.2137400000000005,4.0789800000000005,2348,2014/2015
223,2017-10-24,nat,201502,142,792459,1971,4.21022,3.93762,2349,2014/2015
224,2017-10-24,nat,201503,141,800359,1966,4.25968,4.15076,2350,2014/2015
225,2017-10-24,nat,201504,140,789407,1955,3.97761,3.87899,2351,2014/2015
226,2017-10-24,nat,201505,139,814097,1950,3.6344300000000005,3.4579400000000002,2352,2014/2015
227,2017-10-24,nat,201506,138,823153,1917,3.26527,3.06359,2353,2014/2015
228,2017-10-24,nat,201507,137,746836,1907,2.93083,2.82646,2354,2014/2015
229,2017-10-24,nat,201508,136,812660,1934,2.54474,2.3599,2355,2014/2015
230,2017-10-24,nat,201509,135,789858,1912,2.47227,2.33472,2356,2014/2015
231,2017-10-24,nat,201510,134,805881,1907,2.35665,2.21286,2357,2014/2015
232,2017-10-24,nat,201511,133,804117,1883,2.17008,2.07619,2358,2014/2015
233,2017-10-24,nat,201512,132,801027,1848,2.04297,2.01267,2359,2014/2015
234,2017-10-24,nat,201513,131,771143,1819,1.954,1.94192,2360,2014/2015
235,2017-10-24,nat,201514,130,785602,1820,1.7228700000000001,1.7480900000000001,2361,2014/2015
236,2017-10-24,nat,201515,129,800974,1813,1.53694,1.50367,2362,2014/2015
237,2017-10-24,nat,201516,128,756827,1768,1.38283,1.4349399999999999,2363,2014/2015
238,2017-10-24,nat,201517,127,761638,1753,1.46265,1.4567299999999999,2364,2014/2015
239,2017-10-24,nat,201518,126,748690,1735,1.38934,1.42836,2365,2014/2015
240,2017-10-24,nat,201519,125,714799,1688,1.3468,1.35297,2366,2014/2015
241,2017-10-24,nat,201520,124,678023,1622,1.25452,1.33093,2367,2014/2015
242,2017-10-24,nat,201521,123,616171,1579,1.21636,1.2842200000000001,2368,2014/2015
243,2017-10-24,nat,201522,122,609891,1505,1.16734,1.13889,2369,2014/2015
244,2017-10-24,nat,201523,121,611184,1455,1.04654,1.10343,2370,2014/2015
245,2017-10-24,nat,201524,120,602628,1459,0.9436610000000001,0.9707479999999999,2371,2014/2015
246,2017-10-24,nat,201525,119,592081,1445,0.9350459999999999,0.9986809999999999,2372,2014/2015
247,2017-10-24,nat,201526,118,534938,1417,0.9347260000000001,0.978057,2373,2014/2015
248,2017-10-24,nat,201527,117,590468,1428,0.864118,0.866431,2374,2014/2015
249,2017-10-24,nat,201528,116,588337,1411,0.806535,0.827757,2375,2014/2015
250,2017-10-24,nat,201529,115,580010,1401,0.742747,0.7975720000000001,2376,2014/2015
251,2017-10-24,nat,201530,114,567663,1352,0.737859,0.811221,2377,2014/2015
252,2017-10-24,nat,201531,113,578812,1364,0.743224,0.8211649999999999,2378,2014/2015
253,2017-10-24,nat,201532,112,579668,1340,0.805251,0.819435,2379,2014/2015
254,2017-10-24,nat,201533,111,609994,1356,0.816943,0.8480409999999999,2380,2014/2015
255,2017-10-24,nat,201534,110,635661,1362,0.8145180000000001,0.888524,2381,2014/2015
256,2017-10-24,nat,201535,109,619323,1354,0.86067,0.9628260000000001,2382,2014/2015
257,2017-10-24,nat,201536,108,583853,1349,0.886704,1.02252,2383,2014/2015
258,2017-10-24,nat,201537,107,651524,1369,1.00845,1.08392,2384,2014/2015
259,2017-10-24,nat,201538,106,654414,1367,1.06625,1.17724,2385,2014/2015
260,2017-10-24,nat,201539,105,650904,1332,1.05995,1.1716,2386,2014/2015
261,2017-10-24,nat,201540,104,808287,1963,1.22559,1.24325,2387,2015/2016
262,2017-10-24,nat,201541,103,809660,1976,1.31066,1.3234,2388,2015/2016
263,2017-10-24,nat,201542,102,825079,1995,1.3711,1.40399,2389,2015/2016
264,2017-10-24,nat,201543,101,811165,1999,1.39171,1.37629,2390,2015/2016
265,2017-10-24,nat,201544,100,845875,2048,1.4371200000000002,1.46866,2391,2015/2016
266,2017-10-24,nat,201545,99,826877,2028,1.50165,1.5330000000000001,2392,2015/2016
267,2017-10-24,nat,201546,98,838344,2023,1.59805,1.6084100000000001,2393,2015/2016
268,2017-10-24,nat,201547,97,639738,2000,1.89668,1.90047,2394,2015/2016
269,2017-10-24,nat,201548,96,841777,2040,1.6772799999999999,1.73645,2395,2015/2016
270,2017-10-24,nat,201549,95,823657,2020,1.7829599999999999,1.81945,2396,2015/2016
271,2017-10-24,nat,201550,94,783227,2000,1.87336,1.9657099999999998,2397,2015/2016
272,2017-10-24,nat,201551,93,613128,1978,2.3214799999999998,2.42021,2398,2015/2016
273,2017-10-24,nat,201552,92,650356,1949,2.40991,2.41083,2399,2015/2016
274,2017-10-24,nat,201601,91,787192,2004,1.94328,1.98859,2400,2015/2016
275,2017-10-24,nat,201602,90,779809,2005,1.99796,1.98985,2401,2015/2016
276,2017-10-24,nat,201603,89,743249,2008,2.11829,2.1071,2402,2015/2016
277,2017-10-24,nat,201604,88,827482,2026,2.2511200000000002,2.19256,2403,2015/2016
278,2017-10-24,nat,201605,87,823602,2007,2.3711599999999997,2.3001400000000003,2404,2015/2016
279,2017-10-24,nat,201606,86,813755,2000,2.80035,2.6757400000000002,2405,2015/2016
280,2017-10-24,nat,201607,85,816098,1993,3.16475,3.02427,2406,2015/2016
281,2017-10-24,nat,201608,84,848718,1956,3.15183,3.11328,2407,2015/2016
282,2017-10-24,nat,201609,83,855439,1952,3.3321,3.3278800000000004,2408,2015/2016
283,2017-10-24,nat,201610,82,848628,1922,3.5602400000000003,3.5918,2409,2015/2016
284,2017-10-24,nat,201611,81,804948,1898,3.05479,3.09262,2410,2015/2016
285,2017-10-24,nat,201612,80,786936,1900,2.7673200000000002,2.78803,2411,2015/2016
286,2017-10-24,nat,201613,79,776752,1832,2.44161,2.52371,2412,2015/2016
287,2017-10-24,nat,201614,78,787543,1813,2.03348,2.12928,2413,2015/2016
288,2017-10-24,nat,201615,77,792672,1805,1.98593,2.0514200000000002,2414,2015/2016
289,2017-10-24,nat,201616,76,775895,1774,1.91514,1.98957,2415,2015/2016
290,2017-10-24,nat,201617,75,774777,1759,1.6996799999999999,1.7858,2416,2015/2016
291,2017-10-24,nat,201618,74,741210,1742,1.57635,1.60144,2417,2015/2016
292,2017-10-24,nat,201619,73,726244,1690,1.3935,1.4743,2418,2015/2016
293,2017-10-24,nat,201620,72,688612,1626,1.29941,1.42286,2419,2015/2016
294,2017-10-24,nat,201621,71,635835,1439,1.18379,1.38196,2420,2015/2016
295,2017-10-24,nat,201622,70,598077,1482,1.13723,1.33712,2421,2015/2016
296,2017-10-24,nat,201623,69,632252,1446,1.04118,1.13894,2422,2015/2016
297,2017-10-24,nat,201624,68,617287,1440,0.971814,1.09641,2423,2015/2016
298,2017-10-24,nat,201625,67,602666,1402,0.8633059999999999,0.999559,2424,2015/2016
299,2017-10-24,nat,201626,66,573793,1382,0.8337969999999999,0.99095,2425,2015/2016
300,2017-10-24,nat,201627,65,549582,1379,0.784516,0.9312530000000001,2426,2015/2016
301,2017-10-24,nat,201628,64,602288,1392,0.7343270000000001,0.843118,2427,2015/2016
302,2017-10-24,nat,201629,63,600272,1388,0.6988449999999999,0.8402860000000001,2428,2015/2016
303,2017-10-24,nat,201630,62,593327,1393,0.7230989999999999,0.8300649999999999,2429,2015/2016
304,2017-10-24,nat,201631,61,581457,1360,0.663501,0.790428,2430,2015/2016
305,2017-10-24,nat,201632,60,585923,1329,0.69276,0.8308260000000001,2431,2015/2016
306,2017-10-24,nat,201633,59,614499,1345,0.710029,0.8567959999999999,2432,2015/2016
307,2017-10-24,nat,201634,58,621362,1356,0.834232,1.00746,2433,2015/2016
308,2017-10-24,nat,201635,57,614349,1354,0.9926209999999999,1.0586799999999998,2434,2015/2016
309,2017-10-24,nat,201636,56,601938,1347,1.01605,1.10028,2435,2015/2016
310,2017-10-24,nat,201637,55,666755,1365,1.07169,1.1457,2436,2015/2016
311,2017-10-24,nat,201638,54,675119,1363,1.1016299999999999,1.2189,2437,2015/2016
312,2017-10-24,nat,201639,53,648678,1389,1.18841,1.31113,2438,2015/2016
313,2018-10-05,nat,201640,103,869249,1956,1.19763,1.25626,2439,2016/2017
314,2018-10-05,nat,201641,102,851042,1977,1.2288700000000001,1.2921799999999999,2440,2016/2017
315,2018-10-05,nat,201642,101,896532,1986,1.2672299999999999,1.3302399999999999,2441,2016/2017
316,2018-10-05,nat,201643,100,887194,2008,1.36226,1.42562,2442,2016/2017
317,2018-10-05,nat,201644,99,878396,2001,1.48468,1.5699100000000001,2443,2016/2017
318,2018-10-05,nat,201645,98,863967,1993,1.5583799999999999,1.65029,2444,2016/2017
319,2018-10-05,nat,201646,97,875353,2002,1.6463900000000002,1.73187,2445,2016/2017
320,2018-10-05,nat,201647,96,698702,2013,1.9119599999999999,2.03348,2446,2016/2017
321,2018-10-05,nat,201648,95,883118,2005,1.81129,1.88027,2447,2016/2017
322,2018-10-05,nat,201649,94,847500,2018,1.9166900000000002,2.00307,2448,2016/2017
323,2018-10-05,nat,201650,93,811687,2005,2.2067099999999997,2.27465,2449,2016/2017
324,2018-10-05,nat,201651,92,740295,1982,2.73096,2.9137,2450,2016/2017
325,2018-10-05,nat,201652,91,701866,1931,3.3615199999999996,3.5476900000000002,2451,2016/2017
326,2018-10-05,nat,201701,90,785080,2028,3.09232,3.0796900000000003,2452,2016/2017
327,2018-10-05,nat,201702,89,824374,2001,3.07623,3.0209599999999996,2453,2016/2017
328,2018-10-05,nat,201703,88,845666,2033,3.50708,3.40075,2454,2016/2017
329,2018-10-05,nat,201704,87,884076,2024,3.79872,3.53148,2455,2016/2017
330,2018-10-05,nat,201705,86,902215,2029,4.43601,4.04671,2456,2016/2017
331,2018-10-05,nat,201706,85,902292,2030,5.06094,4.75345,2457,2016/2017
332,2018-10-05,nat,201707,84,883216,1973,4.85988,4.65322,2458,2016/2017
333,2018-10-05,nat,201708,83,878193,1990,4.57809,4.56893,2459,2016/2017
334,2018-10-05,nat,201709,82,873909,1998,3.55555,3.45379,2460,2016/2017
335,2018-10-05,nat,201710,81,851118,1973,3.50492,3.29578,2461,2016/2017
336,2018-10-05,nat,201711,80,805664,1961,3.21406,3.1631099999999996,2462,2016/2017
337,2018-10-05,nat,201712,79,871632,1943,3.0985400000000003,3.1402,2463,2016/2017
338,2018-10-05,nat,201713,78,846072,1904,2.79765,2.88096,2464,2016/2017
339,2018-10-05,nat,201714,77,830587,1910,2.38646,2.3698900000000003,2465,2016/2017
340,2018-10-05,nat,201715,76,803557,1865,1.9669900000000002,1.9353900000000002,2466,2016/2017
341,2018-10-05,nat,201716,75,793124,1850,1.7352299999999998,1.6406,2467,2016/2017
342,2018-10-05,nat,201717,74,808770,1850,1.5635,1.47817,2468,2016/2017
343,2018-10-05,nat,201718,73,786659,1800,1.4041,1.36819,2469,2016/2017
344,2018-10-05,nat,201719,72,761114,1770,1.27729,1.33856,2470,2016/2017
345,2018-10-05,nat,201720,71,728618,1749,1.28245,1.34625,2471,2016/2017
346,2018-10-05,nat,201721,70,677064,1617,1.1658899999999999,1.2648700000000002,2472,2016/2017
347,2018-10-05,nat,201722,69,617165,1572,1.10922,1.25688,2473,2016/2017
348,2018-10-05,nat,201723,68,652681,1498,1.04387,1.1579899999999999,2474,2016/2017
349,2018-10-05,nat,201724,67,633019,1472,0.9050889999999999,1.04831,2475,2016/2017
350,2018-10-05,nat,201725,66,633619,1502,0.900337,0.988607,2476,2016/2017
351,2018-10-05,nat,201726,65,581944,1424,0.8595389999999999,0.9616049999999999,2477,2016/2017
352,2018-10-05,nat,201727,64,557320,1461,0.8188310000000001,0.9556450000000001,2478,2016/2017
353,2018-10-05,nat,201728,63,599567,1410,0.7525029999999999,0.8274299999999999,2479,2016/2017
354,2018-10-05,nat,201729,62,585207,1403,0.7372,0.814071,2480,2016/2017
355,2018-10-05,nat,201730,61,596493,1382,0.733096,0.8181149999999999,2481,2016/2017
356,2018-10-05,nat,201731,60,590414,1393,0.73102,0.829757,2482,2016/2017
357,2018-10-05,nat,201732,59,593240,1390,0.688338,0.828501,2483,2016/2017
358,2018-10-05,nat,201733,58,590363,1351,0.732049,0.8858959999999999,2484,2016/2017
359,2018-10-05,nat,201734,57,632771,1382,0.911641,1.05599,2485,2016/2017
360,2018-10-05,nat,201735,56,638196,1371,1.02105,1.11768,2486,2016/2017
361,2018-10-05,nat,201736,55,621296,1386,1.09335,1.1384299999999998,2487,2016/2017
362,2018-10-05,nat,201737,54,733316,1486,1.09515,1.13416,2488,2016/2017
363,2018-10-05,nat,201738,53,728970,1487,1.09699,1.17508,2489,2016/2017
364,2018-10-05,nat,201739,52,733519,1470,1.18823,1.23773,2490,2016/2017
365,2019-10-04,nat,201740,103,1002892,2220,1.26589,1.2802,2491,2017/2018
366,2019-10-04,nat,201741,102,996595,2245,1.30479,1.33123,2492,2017/2018
367,2019-10-04,nat,201742,101,1017076,2266,1.34075,1.4078600000000001,2493,2017/2018
368,2019-10-04,nat,201743,100,1006998,2266,1.51674,1.5722,2494,2017/2018
369,2019-10-04,nat,201744,99,1002140,2222,1.74583,1.7032599999999998,2495,2017/2018
370,2019-10-04,nat,201745,98,1021079,2288,1.8870799999999999,1.8663599999999998,2496,2017/2018
371,2019-10-04,nat,201746,97,1054290,2296,2.05923,2.07647,2497,2017/2018
372,2019-10-04,nat,201747,96,848314,2271,2.2797099999999997,2.33593,2498,2017/2018
373,2019-10-04,nat,201748,95,1057350,2279,2.28379,2.24637,2499,2017/2018
374,2019-10-04,nat,201749,94,1000183,2272,2.58278,2.49504,2500,2017/2018
375,2019-10-04,nat,201750,93,984283,2262,3.3655800000000005,3.2005,2501,2017/2018
376,2019-10-04,nat,201751,92,963978,2211,4.73117,4.43807,2502,2017/2018
377,2019-10-04,nat,201752,91,828299,2132,5.70943,5.46361,2503,2017/2018
378,2019-10-04,nat,201801,90,882271,2243,5.746580000000001,5.35765,2504,2017/2018
379,2019-10-04,nat,201802,89,1027466,2257,5.8920699999999995,5.524369999999999,2505,2017/2018
380,2019-10-04,nat,201803,88,993431,2286,6.51759,6.345280000000001,2506,2017/2018
381,2019-10-04,nat,201804,87,1101807,2288,7.16338,7.018110000000001,2507,2017/2018
382,2019-10-04,nat,201805,86,1105078,2275,7.52133,7.7809,2508,2017/2018
383,2019-10-04,nat,201806,85,1130397,2299,7.38748,7.76939,2509,2017/2018
384,2019-10-04,nat,201807,84,1118800,2227,6.44688,6.8117600000000005,2510,2017/2018
385,2019-10-04,nat,201808,83,1028116,2272,4.95881,5.15749,2511,2017/2018
386,2019-10-04,nat,201809,82,1013191,2208,3.68612,3.55945,2512,2017/2018
387,2019-10-04,nat,201810,81,969427,2214,3.18626,3.0051799999999997,2513,2017/2018
388,2019-10-04,nat,201811,80,949978,2201,2.76894,2.73038,2514,2017/2018
389,2019-10-04,nat,201812,79,960779,2180,2.48706,2.47768,2515,2017/2018
390,2019-10-04,nat,201813,78,875658,2144,2.40802,2.36314,2516,2017/2018
391,2019-10-04,nat,201814,77,938963,2127,2.07483,2.03139,2517,2017/2018
392,2019-10-04,nat,201815,76,923848,2086,1.77898,1.8037599999999998,2518,2017/2018
393,2019-10-04,nat,201816,75,936950,2112,1.61487,1.58696,2519,2017/2018
394,2019-10-04,nat,201817,74,946160,2088,1.5385,1.53801,2520,2017/2018
395,2019-10-04,nat,201818,73,916783,2018,1.5261200000000001,1.44974,2521,2017/2018
396,2019-10-04,nat,201819,72,909661,1933,1.28847,1.27729,2522,2017/2018
397,2019-10-04,nat,201820,71,906668,1977,1.18344,1.22051,2523,2017/2018
398,2019-10-04,nat,201821,70,863879,1896,1.24919,1.23235,2524,2017/2018
399,2019-10-04,nat,201822,69,785606,1802,1.14131,1.2229999999999999,2525,2017/2018
400,2019-10-04,nat,201823,68,830040,1798,0.9878,1.0473,2526,2017/2018
401,2019-10-04,nat,201824,67,774246,1753,0.8955649999999999,0.9781129999999999,2527,2017/2018
402,2019-10-04,nat,201825,66,778114,1773,0.8922040000000001,0.947548,2528,2017/2018
403,2019-10-04,nat,201826,65,800757,1736,0.877184,0.867554,2529,2017/2018
404,2019-10-04,nat,201827,64,760130,1780,0.780203,0.8232799999999999,2530,2017/2018
405,2019-10-04,nat,201828,63,842647,1785,0.725075,0.771497,2531,2017/2018
406,2019-10-04,nat,201829,62,818597,1748,0.68247,0.706819,2532,2017/2018
407,2019-10-04,nat,201830,61,802300,1741,0.640393,0.6851550000000001,2533,2017/2018
408,2019-10-04,nat,201831,60,816468,1724,0.639127,0.687351,2534,2017/2018
409,2019-10-04,nat,201832,59,796621,1690,0.705637,0.735733,2535,2017/2018
410,2019-10-04,nat,201833,58,810994,1725,0.707801,0.806048,2536,2017/2018
411,2019-10-04,nat,201834,57,775731,1610,0.822659,0.9440129999999999,2537,2017/2018
412,2019-10-04,nat,201835,56,844807,1681,0.859864,0.960101,2538,2017/2018
413,2019-10-04,nat,201836,55,835027,1710,1.10083,1.1412799999999999,2539,2017/2018
414,2019-10-04,nat,201837,54,876862,1708,1.15323,1.14784,2540,2017/2018
415,2019-10-04,nat,201838,53,853109,1684,1.2017799999999998,1.31156,2541,2017/2018
416,2019-10-04,nat,201839,52,933130,1710,1.2498,1.26102,2542,2017/2018
417,2020-07-17,nat,201840,92,1266076,2611,1.41876,1.41974,2543,2018/2019
418,2020-07-17,nat,201841,91,1266257,2651,1.40077,1.473,2544,2018/2019
419,2020-07-17,nat,201842,90,1254844,2623,1.47139,1.58968,2545,2018/2019
420,2020-07-17,nat,201843,89,1256271,2678,1.63634,1.7220799999999998,2546,2018/2019
421,2020-07-17,nat,201844,88,1258405,2666,1.79125,1.8411400000000002,2547,2018/2019
422,2020-07-17,nat,201845,87,1249921,2672,1.8687099999999999,1.92692,2548,2018/2019
423,2020-07-17,nat,201846,86,1171062,2665,1.98121,2.0852,2549,2018/2019
424,2020-07-17,nat,201847,85,1026187,2618,2.23487,2.40063,2550,2018/2019
425,2020-07-17,nat,201848,84,1296156,2666,2.1457200000000003,2.24479,2551,2018/2019
426,2020-07-17,nat,201849,83,1233986,2658,2.2513099999999997,2.29962,2552,2018/2019
427,2020-07-17,nat,201850,82,1212127,2650,2.6411,2.73181,2553,2018/2019
428,2020-07-17,nat,201851,81,1180820,2596,3.13484,3.24012,2554,2018/2019
429,2020-07-17,nat,201852,80,1052725,2581,3.9656599999999997,4.18077,2555,2018/2019
430,2020-07-17,nat,201901,79,1160440,2630,3.45972,3.63095,2556,2018/2019
431,2020-07-17,nat,201902,78,1237552,2656,3.07558,3.13643,2557,2018/2019
432,2020-07-17,nat,201903,77,1225384,2658,3.3255800000000004,3.3621300000000005,2558,2018/2019
433,2020-07-17,nat,201904,76,1191426,2677,3.7977300000000005,3.88115,2559,2018/2019
434,2020-07-17,nat,201905,75,1222020,2668,4.34227,4.52235,2560,2018/2019
435,2020-07-17,nat,201906,74,1340765,2673,4.86953,5.2009099999999995,2561,2018/2019
436,2020-07-17,nat,201907,73,1292464,2655,5.0368900000000005,5.42034,2562,2018/2019
437,2020-07-17,nat,201908,72,1260932,2655,4.8812,5.27078,2563,2018/2019
438,2020-07-17,nat,201909,71,1281115,2658,4.54791,4.58991,2564,2018/2019
439,2020-07-17,nat,201910,70,1260615,2637,4.3762,4.39714,2565,2018/2019
440,2020-07-17,nat,201911,69,1288273,2646,4.22692,4.12777,2566,2018/2019
441,2020-07-17,nat,201912,68,1303765,2653,3.6825099999999997,3.5027800000000004,2567,2018/2019
442,2020-07-17,nat,201913,67,1244935,2619,3.0855900000000003,3.04819,2568,2018/2019
443,2020-07-17,nat,201914,66,1229217,2620,2.6983099999999998,2.67984,2569,2018/2019
444,2020-07-17,nat,201915,65,1229148,2568,2.2867599999999997,2.26612,2570,2018/2019
445,2020-07-17,nat,201916,64,1178058,2542,2.0121700000000002,1.9648400000000001,2571,2018/2019
446,2020-07-17,nat,201917,63,1196855,2516,1.71323,1.7220099999999998,2572,2018/2019
447,2020-07-17,nat,201918,62,1199386,2485,1.5667799999999998,1.5728,2573,2018/2019
448,2020-07-17,nat,201919,61,1173980,2444,1.49827,1.45718,2574,2018/2019
449,2020-07-17,nat,201920,60,1094840,2336,1.49961,1.50332,2575,2018/2019
450,2020-07-17,nat,201921,59,1123869,2224,1.42123,1.40257,2576,2018/2019
451,2020-07-17,nat,201922,58,1052737,2196,1.39258,1.4035799999999998,2577,2018/2019
452,2020-07-17,nat,201923,57,1086961,2258,1.21697,1.23749,2578,2018/2019
453,2020-07-17,nat,201924,56,1079343,2206,1.11266,1.12161,2579,2018/2019
454,2020-07-17,nat,201925,55,1056024,2159,0.9918879999999999,1.01276,2580,2018/2019
455,2020-07-17,nat,201926,54,1044732,2084,0.946401,0.9597680000000001,2581,2018/2019
456,2020-07-17,nat,201927,53,992358,2154,0.8746950000000001,0.8789170000000001,2582,2018/2019
457,2020-07-17,nat,201928,52,1060841,2111,0.8091689999999999,0.794181,2583,2018/2019
458,2020-07-17,nat,201929,51,1058986,2154,0.75452,0.7663939999999999,2584,2018/2019
459,2020-07-17,nat,201930,50,1040191,2140,0.7329829999999999,0.748613,2585,2018/2019
460,2020-07-17,nat,201931,49,1041320,2151,0.725811,0.757116,2586,2018/2019
461,2020-07-17,nat,201932,48,1046625,2167,0.754209,0.770094,2587,2018/2019
462,2020-07-17,nat,201933,47,1079056,2200,0.729672,0.833506,2588,2018/2019
463,2020-07-17,nat,201934,46,1074399,2170,0.839875,0.94034,2589,2018/2019
464,2020-07-17,nat,201935,45,1100212,2193,0.989358,1.08197,2590,2018/2019
465,2020-07-17,nat,201936,44,1097022,2217,1.1354,1.2021600000000001,2591,2018/2019
466,2020-07-17,nat,201937,43,1166071,2247,1.23124,1.27291,2592,2018/2019
467,2020-07-17,nat,201938,42,1152730,2224,1.24448,1.3881,2593,2018/2019
468,2020-07-17,nat,201939,41,1167311,2211,1.3379,1.49515,2594,2018/2019
469,2020-07-17,nat,201940,40,1457610,2910,1.49174,1.50349,2595,2019/2020
470,2020-07-17,nat,201941,39,1436120,2941,1.59364,1.59833,2596,2019/2020
471,2020-07-17,nat,201942,38,1430304,2965,1.7273599999999998,1.7399099999999998,2597,2019/2020
472,2020-07-17,nat,201943,37,1473202,2996,1.83608,1.8611799999999998,2598,2019/2020
473,2020-07-17,nat,201944,36,1435369,3005,2.04008,2.01412,2599,2019/2020
474,2020-07-17,nat,201945,35,1462498,3020,2.39418,2.36438,2600,2019/2020
475,2020-07-17,nat,201946,34,1426339,2989,2.63452,2.6453,2601,2019/2020
476,2020-07-17,nat,201947,33,1484315,2985,2.90108,2.97484,2602,2019/2020
477,2020-07-17,nat,201948,32,1275141,2992,3.4149,3.4538900000000003,2603,2019/2020
478,2020-07-17,nat,201949,31,1475691,2994,3.25988,3.31391,2604,2019/2020
479,2020-07-17,nat,201950,30,1458041,2956,3.94541,3.8708099999999996,2605,2019/2020
480,2020-07-17,nat,201951,29,1423688,2924,5.06684,5.0281400000000005,2606,2019/2020
481,2020-07-17,nat,201952,28,1338209,2915,7.0642,7.154710000000001,2607,2019/2020
482,2020-07-17,nat,202001,27,1427710,2968,5.9032599999999995,6.21898,2608,2019/2020
483,2020-07-17,nat,202002,26,1491843,3000,4.94045,5.068630000000001,2609,2019/2020
484,2020-07-17,nat,202003,25,1487159,2990,5.33204,5.35928,2610,2019/2020
485,2020-07-17,nat,202004,24,1496776,2993,6.07918,6.02361,2611,2019/2020
486,2020-07-17,nat,202005,23,1575632,2990,6.746580000000001,6.87413,2612,2019/2020
487,2020-07-17,nat,202006,22,1571105,2999,6.80207,7.0883199999999995,2613,2019/2020
488,2020-07-17,nat,202007,21,1533340,2962,6.10905,6.2221,2614,2019/2020
489,2020-07-17,nat,202008,20,1433272,2978,5.52266,5.6205,2615,2019/2020
490,2020-07-17,nat,202009,19,1464236,2938,5.12249,5.1043,2616,2019/2020
491,2020-07-17,nat,202010,18,1489152,2906,5.2658,5.29106,2617,2019/2020
492,2020-07-17,nat,202011,17,1421540,2833,5.68725,6.30021,2618,2019/2020
493,2020-07-17,nat,202012,16,1066468,2795,6.388780000000001,7.3615,2619,2019/2020
494,2020-07-17,nat,202013,15,851250,2724,4.92269,6.23495,2620,2019/2020
495,2020-07-17,nat,202014,14,747707,2679,3.8028199999999996,4.84535,2621,2019/2020
496,2020-07-17,nat,202015,13,714868,2679,2.80852,3.4805,2622,2019/2020
497,2020-07-17,nat,202016,12,705527,2659,2.1313,2.57807,2623,2019/2020
498,2020-07-17,nat,202017,11,746263,2642,1.73541,2.02114,2624,2019/2020
499,2020-07-17,nat,202018,10,786203,2611,1.4185299999999998,1.62541,2625,2019/2020
500,2020-07-17,nat,202019,9,812354,2598,1.19413,1.35643,2626,2019/2020
501,2020-07-17,nat,202020,8,843513,2588,1.1189799999999999,1.24159,2627,2019/2020
502,2020-07-17,nat,202021,7,1051450,2911,1.01429,1.07918,2628,2019/2020
503,2020-07-17,nat,202022,6,1071596,2889,0.9070819999999999,0.890634,2629,2019/2020
504,2020-07-17,nat,202023,5,1121309,2861,0.833097,0.824126,2630,2019/2020
505,2020-07-17,nat,202024,4,1158524,2826,0.854266,0.816988,2631,2019/2020
506,2020-07-17,nat,202025,3,1228490,2849,0.9376479999999999,0.953528,2632,2019/2020
507,2020-07-17,nat,202026,2,1260056,2768,1.15422,1.21233,2633,2019/2020
508,2020-07-17,nat,202027,1,1245916,2702,1.28844,1.39191,2634,2019/2020
509,2020-07-17,nat,202028,0,1269159,2622,1.42711,1.52589,2635,2019/2020
